race,movement__breadth,movement__ceiling,movement__cost_access,deployment__breadth,deployment__ceiling,deployment__cost_access,shock__breadth,shock__ceiling,shock__cost_access,contact_authority__breadth,contact_authority__ceiling,contact_authority__cost_access,melee_pressure__breadth,melee_pressure__ceiling,melee_pressure__cost_access,missile_pressure__breadth,missile_pressure__ceiling,missile_pressure__cost_access,bombardment__breadth,bombardment__ceiling,bombardment__cost_access,target_solutions__breadth,target_solutions__ceiling,target_solutions__cost_access,burst__breadth,burst__ceiling,burst__cost_access,sustain__breadth,sustain__ceiling,sustain__cost_access,material_durability__breadth,material_durability__ceiling,material_durability__cost_access,avoidance__breadth,avoidance__ceiling,avoidance__cost_access,morale__breadth,morale__ceiling,morale__cost_access,restoration__breadth,restoration__ceiling,restoration__cost_access,role_coverage__breadth,role_coverage__ceiling,role_coverage__cost_access,elite_orientation__breadth,elite_orientation__ceiling,elite_orientation__cost_access,battlefield_control__breadth,battlefield_control__ceiling,battlefield_control__cost_access,command_magic__breadth,command_magic__ceiling,command_magic__cost_access
beastmen,0.588544892,0.876761168,0.888036942,0.633823529,0.700000000,0.700000000,0.597058824,0.733561515,0.651459149,0.570261438,0.724985606,0.495229622,0.610196078,0.897232993,0.635238250,0.058823529,0.487538834,0.386201090,0.054010695,0.251922901,0.062980725,0.520168067,0.576117294,0.441571073,0.574705882,0.558559538,0.436191443,0.455602241,0.443177347,0.324058401,0.490522876,0.572492634,0.514261573,0.798235294,0.459392712,0.430063568,0.461764706,0.484910837,0.512188143,0.026470588,0.263333333,0.219444444,0.833333333,0.833713878,0.625000000,0.205882353,0.666666667,0.915539380,0.364705882,0.440000000,0.336666667,0.500000000,0.400000000,1.000000000
bretonnia,0.530263158,0.740463918,0.782130584,0.137500000,0.600000000,0.425000000,0.506617647,0.700277576,0.656596977,0.404166667,0.423251029,0.418930041,0.364166667,0.653588217,0.452824388,0.111029412,0.657975798,0.691884812,0.122727273,0.855179501,0.729722755,0.419642857,0.475611669,0.477553541,0.480000000,0.460083367,0.414206234,0.419642857,0.404108191,0.386190999,0.347222222,0.537598941,0.438322305,0.410000000,0.364561856,0.316635174,0.512500000,0.499143519,0.452097265,0.000000000,0.000000000,0.000000000,0.666666667,0.692796156,0.375000000,0.166666667,0.533333333,0.909094560,0.157500000,0.200000000,0.180000000,0.375000000,1.000000000,1.000000000
chaos_dwarfs,0.442275042,0.686426117,0.732753436,0.092741935,0.383333333,0.504166667,0.580834915,0.700125970,0.605926540,0.686738351,0.703597635,0.565640517,0.566451613,0.817205993,0.547980369,0.334724858,0.751875680,0.660783218,0.280938416,0.837727231,0.613688682,0.578187404,0.572542988,0.482534378,0.625161290,0.689642386,0.460842361,0.645314900,0.593419541,0.488267100,0.552329749,0.704879330,0.570833861,0.507096774,0.410407462,0.316161642,0.545806452,0.543698560,0.441068459,0.000000000,0.000000000,0.000000000,1.000000000,0.788874708,0.625000000,0.322580645,0.466666667,0.800242942,0.350967742,0.340000000,0.241666667,0.500000000,0.600000000,1.000000000
daemons_of_chaos,0.705316864,0.922079038,0.945060137,0.417346939,0.700000000,0.700000000,0.690456182,0.949560157,0.819120764,0.623242630,0.752320756,0.528339081,0.710544218,0.946226888,0.659341346,0.228991597,0.798513039,0.625985101,0.057792208,0.514323559,0.260718690,0.650340136,0.690531405,0.563140776,0.581020408,0.634978920,0.468982007,0.613605442,0.729453606,0.504196645,0.628571429,0.733287003,0.663043821,0.662448980,0.510231090,0.484120175,0.570204082,0.585540123,0.510902885,0.328649922,0.483333333,0.446944444,0.833333333,0.838837386,0.708333333,0.285714286,0.400000000,0.724065888,0.648775510,0.440000000,0.390000000,0.000000000,0.000000000,0.250000000
dark_elves,0.467332123,0.712585911,0.723646907,0.219827586,0.566666667,0.575000000,0.565314402,0.679726559,0.655684893,0.581226054,0.694456809,0.566120868,0.553103448,0.871735036,0.651259570,0.293509128,0.701217766,0.604020498,0.031034483,0.444592126,0.415028090,0.555829228,0.557515046,0.473973047,0.523448276,0.659596715,0.522026199,0.595566502,0.676168027,0.449701089,0.450957854,0.655343744,0.481697030,0.553793103,0.401973638,0.351202310,0.462758621,0.522299811,0.449525141,0.051458886,0.166666667,0.041666667,1.000000000,0.880007957,0.625000000,0.172413793,0.400000000,0.729674291,0.307586207,0.280000000,0.206666667,0.625000000,0.400000000,1.000000000
dwarfs,0.344129555,0.551675258,0.433075601,0.157692308,0.550000000,0.529166667,0.300000000,0.479929095,0.393045579,0.465811966,0.595703163,0.540772040,0.441538462,0.677984457,0.526780560,0.402262443,0.878931855,0.708602965,0.241958042,0.806928839,0.704984242,0.506593407,0.545168377,0.507837369,0.453846154,0.533293785,0.416315651,0.571794872,0.631138013,0.512635945,0.578632479,0.751989806,0.756344891,0.426153846,0.396074173,0.358384494,0.609230769,0.629902263,0.576054848,0.000000000,0.000000000,0.000000000,0.500000000,0.579292377,0.333333333,0.051282051,0.000000000,0.691655317,0.153846154,0.160000000,0.140000000,0.000000000,0.400000000,1.000000000
empire,0.505263158,0.763273196,0.738305412,0.097727273,0.433333333,0.633333333,0.443315508,0.679003039,0.561540256,0.533333333,0.632799513,0.416389130,0.380606061,0.680673748,0.418571692,0.399465241,0.892770866,0.775108437,0.254545455,0.833388143,0.730405591,0.439826840,0.471613922,0.435441089,0.518181818,0.683600634,0.469586709,0.542424242,0.679515791,0.439054818,0.380808081,0.553076820,0.456006617,0.481818182,0.374004788,0.379402197,0.470909091,0.572775206,0.619592657,0.000000000,0.000000000,0.000000000,0.666666667,0.733551354,0.416666667,0.181818182,0.533333333,0.857095318,0.120000000,0.186666667,0.120000000,1.000000000,1.000000000,1.000000000
grand_cathay,0.477676951,0.726030928,0.704349227,0.194827586,0.533333333,0.566666667,0.500405680,0.691993772,0.640931222,0.612260536,0.560082305,0.482629156,0.442068966,0.794332990,0.564364247,0.259634888,0.822178566,0.722741689,0.088087774,0.689851101,0.510633050,0.427914614,0.524071466,0.448386845,0.543448276,0.507495846,0.441319237,0.536781609,0.455846570,0.395135105,0.397701149,0.591611479,0.519132058,0.513103448,0.399238651,0.325129239,0.512413793,0.433850309,0.451579218,0.000000000,0.000000000,0.000000000,1.000000000,0.902596538,0.583333333,0.137931034,0.400000000,0.828602712,0.256551724,0.286666667,0.241666667,0.875000000,1.000000000,1.000000000
greenskins,0.570897833,0.844072165,0.864175258,0.227941176,0.550000000,0.550000000,0.505882353,0.754474000,0.692890871,0.509803922,0.711929133,0.592067805,0.503921569,0.932892323,0.647481622,0.164705882,0.644885201,0.616945332,0.150267380,0.746012606,0.733031881,0.496638655,0.545802590,0.497885911,0.494117647,0.573054145,0.465513167,0.558263305,0.472743651,0.393117072,0.464052288,0.633707490,0.539656769,0.560000000,0.409658354,0.394874482,0.542352941,0.466867284,0.442567515,0.139366516,0.400000000,0.275000000,1.000000000,0.922675053,0.583333333,0.137254902,0.466666667,0.716744742,0.260000000,0.400000000,0.263333333,0.125000000,0.400000000,1.000000000
high_elves,0.616140351,0.780326460,0.736630155,0.325000000,0.550000000,0.470833333,0.598039216,0.718633734,0.639501173,0.655555556,0.760105102,0.564764968,0.546666667,0.886505439,0.639756944,0.203921569,0.660215465,0.633787615,0.006666667,0.188389513,0.423876404,0.520000000,0.494892676,0.466546887,0.546666667,0.576292659,0.488183473,0.642857143,0.544156966,0.471741231,0.577777778,0.710292823,0.583917237,0.660000000,0.488860085,0.408475737,0.693333333,0.519847822,0.502507502,0.044102564,0.116666667,0.000000000,1.000000000,0.881915496,0.666666667,0.266666667,0.400000000,0.749044233,0.360000000,0.320000000,0.198333333,1.000000000,1.000000000,1.000000000
khorne,0.607655502,0.791838488,0.861726804,0.175000000,0.500000000,0.575000000,0.624598930,0.709786924,0.635580939,0.555555556,0.681910972,0.458853774,0.658787879,0.867859044,0.607050265,0.092513369,0.601688033,0.414496716,0.009090909,0.153430164,0.191787704,0.560606061,0.676063921,0.501361031,0.567272727,0.557660639,0.434158645,0.477922078,0.564936319,0.379032423,0.731313131,0.798621591,0.706849604,0.492727273,0.372368568,0.396333177,0.498181818,0.492074331,0.463937114,0.097902098,0.233333333,0.175000000,0.833333333,0.788240426,0.583333333,0.333333333,0.466666667,0.530032152,0.258181818,0.220000000,0.106666667,0.000000000,0.000000000,0.000000000
kislev,0.676043557,0.773797251,0.786297251,0.346551724,0.583333333,0.658333333,0.578498986,0.782626755,0.726214170,0.514559387,0.670607624,0.492072876,0.573793103,0.868183432,0.770069764,0.158012170,0.650228497,0.545310580,0.000000000,0.000000000,0.000000000,0.586863711,0.545742093,0.486292408,0.523448276,0.480406406,0.403570652,0.517733990,0.600435200,0.425108325,0.483524904,0.625382239,0.514804477,0.593793103,0.365468424,0.379063260,0.522758621,0.464362140,0.439304270,0.000000000,0.000000000,0.000000000,0.833333333,0.795012351,0.625000000,0.206896552,0.533333333,0.686652887,0.379310345,0.406666667,0.306666667,0.750000000,0.600000000,1.000000000
lizardmen,0.597286184,0.846048110,0.838058419,0.246875000,0.750000000,0.675000000,0.516084559,0.741437506,0.596105650,0.627777778,0.765929597,0.579696381,0.644583333,0.920136570,0.640036624,0.248713235,0.787846432,0.651034659,0.101988636,0.650443044,0.427204942,0.706696429,0.635304730,0.469593338,0.614687500,0.748758879,0.494073444,0.592708333,0.762430909,0.574031445,0.637152778,0.688841645,0.564077449,0.572500000,0.591457682,0.536691483,0.495000000,0.432229938,0.400158715,0.000000000,0.000000000,0.000000000,0.833333333,0.838077244,0.625000000,0.250000000,0.533333333,0.498269355,0.575937500,0.486666667,0.503333333,1.000000000,1.000000000,1.000000000
norsca,0.580169173,0.861726804,0.861726804,0.214285714,0.483333333,0.491666667,0.573949580,0.772453203,0.708751203,0.568055556,0.772541007,0.543684721,0.663333333,0.856551807,0.659694159,0.048214286,0.497327394,0.459172964,0.010714286,0.378085320,0.236303325,0.502976190,0.637746479,0.500705554,0.469642857,0.532504955,0.454906888,0.602380952,0.419170267,0.353175484,0.534325397,0.670440641,0.583641659,0.607142857,0.514989836,0.457936540,0.527142857,0.588366770,0.531912723,0.235576923,0.378888889,0.298611111,0.833333333,0.807211604,0.583333333,0.160714286,0.266666667,0.802199815,0.476071429,0.520000000,0.365000000,0.625000000,0.600000000,1.000000000
nurgle,0.580921053,0.791838488,0.861726804,0.187500000,0.500000000,0.575000000,0.567830882,0.678027227,0.627991741,0.508333333,0.636217083,0.436838714,0.652500000,0.826755371,0.606713066,0.037500000,0.518283108,0.356167086,0.055113636,0.224604915,0.056151229,0.555505952,0.447437064,0.373085768,0.504375000,0.517432603,0.406018882,0.517708333,0.488055781,0.335904978,0.627777778,0.678433449,0.600475853,0.495000000,0.399774066,0.396333177,0.521875000,0.527298525,0.467229724,0.157932692,0.350000000,0.233333333,0.833333333,0.824595498,0.583333333,0.312500000,0.733333333,0.670154908,0.736875000,0.400000000,0.290000000,0.250000000,0.600000000,1.000000000
ogre_kingdoms,0.466969147,0.654080756,0.668911082,0.147413793,0.566666667,0.550000000,0.674442191,0.740163729,0.634450082,0.696551724,0.722939199,0.542338917,0.709885057,0.865558309,0.658199105,0.238945233,0.732174781,0.520867254,0.114106583,0.465163972,0.407805792,0.536781609,0.616389130,0.382455545,0.727586207,0.690082061,0.556800953,0.498686371,0.622201927,0.397853727,0.504214559,0.639606680,0.461907105,0.472413793,0.406756378,0.341974594,0.533793103,0.530536265,0.481502058,0.000000000,0.000000000,0.000000000,0.833333333,0.812545024,0.541666667,0.379310345,0.733333333,0.853797259,0.390344828,0.340000000,0.151666667,0.625000000,0.600000000,1.000000000
skaven,0.471929825,0.811726804,0.833429983,0.233333333,0.650000000,0.625000000,0.435784314,0.721117126,0.626079388,0.469444444,0.675573137,0.496282096,0.448333333,0.789291041,0.548906694,0.197058824,0.731959147,0.743278705,0.103030303,0.678053348,0.590522518,0.516666667,0.632421608,0.574536180,0.421666667,0.505655232,0.406019460,0.489285714,0.450600137,0.452905575,0.361111111,0.502646154,0.463283286,0.426666667,0.382762848,0.367318719,0.446666667,0.364428584,0.364334491,0.094871795,0.233333333,0.145833333,1.000000000,0.764023273,0.500000000,0.055555556,0.200000000,0.742250400,0.350000000,0.333333333,0.306666667,0.375000000,0.400000000,1.000000000
slaanesh,0.691973684,0.912328179,0.874828179,0.507500000,0.650000000,0.650000000,0.683235294,0.956117452,0.783070459,0.493611111,0.733061883,0.499730868,0.621666667,0.879903857,0.580055655,0.015000000,0.290278799,0.362848499,0.000000000,0.000000000,0.000000000,0.560833333,0.626803599,0.510568971,0.492500000,0.518644391,0.414808179,0.462738095,0.383299040,0.235909358,0.560555556,0.701265181,0.583562739,0.675000000,0.501800777,0.447507754,0.617500000,0.556490912,0.523078382,0.000000000,0.000000000,0.000000000,0.833333333,0.764504640,0.500000000,0.425000000,0.533333333,0.696089056,0.592500000,0.400000000,0.291666667,0.250000000,0.400000000,1.000000000
tomb_kings,0.459210526,0.694201031,0.703844502,0.137500000,0.575000000,0.600000000,0.481617647,0.714155930,0.614953392,0.605555556,0.778842230,0.479259163,0.455000000,0.892130644,0.560624100,0.256617647,0.759125004,0.569818898,0.135227273,0.773903809,0.552388782,0.570833333,0.639664116,0.417777331,0.480000000,0.562967902,0.438388350,0.507738095,0.547409502,0.364249021,0.454166667,0.601088411,0.539014700,0.442500000,0.333136656,0.361855670,0.300000000,0.323703704,0.295862161,0.000000000,0.000000000,0.000000000,1.000000000,0.910930567,0.500000000,0.250000000,0.533333333,0.848129129,0.577500000,0.340000000,0.310000000,0.375000000,0.800000000,1.000000000
tzeentch,0.584550085,0.880111684,0.705057990,0.289516129,0.650000000,0.525000000,0.557305503,0.702478424,0.575398623,0.571684588,0.738818563,0.449642478,0.602795699,0.893217146,0.617601474,0.272485769,0.832028565,0.625985101,0.038709677,0.307613958,0.187445190,0.645314900,0.619065477,0.493891425,0.595483871,0.640170192,0.393703250,0.568817204,0.727992665,0.494774491,0.591039427,0.645046136,0.581359792,0.546451613,0.507353083,0.385114412,0.536129032,0.525869770,0.462558728,0.461786600,0.483333333,0.452222222,0.833333333,0.888507869,0.541666667,0.387096774,0.666666667,0.744572626,0.390322581,0.360000000,0.276666667,0.375000000,0.400000000,1.000000000
vampire_coast,0.378105263,0.716945876,0.835889175,0.194000000,0.650000000,0.650000000,0.335529412,0.574748794,0.497253892,0.575555556,0.779094071,0.517249657,0.541333333,0.872875080,0.786985597,0.274117647,0.805995544,0.730893172,0.096363636,0.730617978,0.757400429,0.498285714,0.507698589,0.441964284,0.344000000,0.425894213,0.356104280,0.510285714,0.535313098,0.355575365,0.426666667,0.574368026,0.443971894,0.464000000,0.459396103,0.458481010,0.332000000,0.414196245,0.616962449,0.188307692,0.350000000,0.175000000,0.833333333,0.840983941,0.541666667,0.120000000,0.466666667,0.767809523,0.528000000,0.400000000,0.325000000,0.375000000,0.600000000,1.000000000
vampire_counts,0.546315789,0.854768041,0.835889175,0.304000000,0.650000000,0.650000000,0.478117647,0.732052527,0.592653852,0.507111111,0.679366487,0.520385923,0.517333333,0.818656719,0.525027266,0.000000000,0.000000000,0.000000000,0.000000000,0.000000000,0.000000000,0.503238095,0.591763606,0.435438173,0.464000000,0.484525867,0.353683847,0.510285714,0.419483025,0.288398062,0.414666667,0.546616725,0.497478693,0.528000000,0.457488452,0.457209243,0.300000000,0.240317644,0.229872042,0.479384615,0.350000000,0.350000000,0.666666667,0.713700663,0.458333333,0.240000000,0.266666667,0.836870732,0.552000000,0.400000000,0.340000000,0.375000000,0.800000000,1.000000000
warriors_of_chaos,0.630661516,0.912328179,0.945060137,0.318119266,0.583333333,0.525000000,0.648138154,0.861081258,0.759088887,0.610295617,0.739594660,0.482914952,0.647339450,0.921182620,0.662946414,0.082838640,0.658008873,0.499797098,0.050125104,0.691605006,0.360780351,0.581083443,0.564496271,0.496496606,0.599082569,0.507902058,0.427784212,0.523940585,0.498310476,0.364031117,0.690112130,0.798621591,0.715617205,0.611559633,0.518768745,0.457936540,0.662385321,0.588366770,0.537139918,0.205645730,0.436666667,0.331111111,1.000000000,0.814302810,0.666666667,0.284403670,0.466666667,0.633174275,0.484220183,0.520000000,0.381666667,0.875000000,0.800000000,1.000000000
wood_elves,0.583805668,0.940592784,0.860491838,0.723076923,0.716666667,0.625000000,0.557013575,0.700837515,0.609806515,0.502564103,0.644038911,0.494490282,0.452820513,0.764943416,0.619206533,0.185520362,0.588497926,0.540839817,0.000000000,0.000000000,0.000000000,0.506593407,0.540231771,0.476838418,0.532307692,0.472273062,0.398275768,0.476007326,0.377618869,0.328478019,0.468803419,0.684048841,0.560087909,0.707692308,0.471490858,0.418229710,0.535384615,0.534081361,0.492041002,0.000000000,0.000000000,0.000000000,0.833333333,0.812179313,0.583333333,0.153846154,0.466666667,0.819319830,0.299230769,0.340000000,0.208333333,0.625000000,1.000000000,1.000000000
