race,movement__breadth,movement__ceiling,movement__access,movement__unit_tier_sensitivity,deployment__breadth,deployment__ceiling,deployment__access,deployment__unit_tier_sensitivity,shock__breadth,shock__ceiling,shock__access,shock__unit_tier_sensitivity,contact_authority__breadth,contact_authority__ceiling,contact_authority__access,contact_authority__unit_tier_sensitivity,melee_pressure__breadth,melee_pressure__ceiling,melee_pressure__access,melee_pressure__unit_tier_sensitivity,missile_pressure__breadth,missile_pressure__ceiling,missile_pressure__access,missile_pressure__unit_tier_sensitivity,bombardment__breadth,bombardment__ceiling,bombardment__access,bombardment__unit_tier_sensitivity,target_solutions__breadth,target_solutions__ceiling,target_solutions__access,target_solutions__unit_tier_sensitivity,burst__breadth,burst__ceiling,burst__access,burst__unit_tier_sensitivity,sustain__breadth,sustain__ceiling,sustain__access,sustain__unit_tier_sensitivity,material_durability__breadth,material_durability__ceiling,material_durability__access,material_durability__unit_tier_sensitivity,avoidance__breadth,avoidance__ceiling,avoidance__access,avoidance__unit_tier_sensitivity,morale__breadth,morale__ceiling,morale__access,morale__unit_tier_sensitivity,restoration__breadth,restoration__ceiling,restoration__access,restoration__unit_tier_sensitivity,role_coverage__breadth,role_coverage__ceiling,role_coverage__access,elite_orientation__breadth,elite_orientation__ceiling,elite_orientation__access,battlefield_control__breadth,battlefield_control__ceiling,battlefield_control__access,battlefield_control__unit_tier_sensitivity,command_magic__breadth,command_magic__ceiling,command_magic__access
beastmen,0.09481183487841541,0.1267260239800883,0.09082295485081661,0.11060105645388828,0.47148232941161333,0.18521992821082128,0.16285547809061884,0.15970163363217832,0.11697465721111128,0.008197952127779587,0.016197530975529496,0.022167367096842035,0.02846079535513578,0.061937214803862745,-0.024460247250911147,0.040512834077589314,0.09364215928888829,0.08370370966555023,0.027933716443114986,0.03534121373080371,-0.1934101665875977,-0.10253221374020911,-0.08654876156856878,0.0035540379510758677,-0.06069587171788158,-0.08497052072916127,-0.09826850600364814,0.0022115892218077656,-0.04849051596495152,0.007019486043595669,-0.05699299610460406,-0.04960675866937496,0.1017117928532967,-0.0068131947463669846,-0.003919327145449034,0.035343491604456115,-0.22577638942197698,-0.10284172875616272,-0.08665255913606738,0.02404655107297639,-0.048328071032056025,-0.14256453742433575,-0.04991242050695417,-0.08826169045062643,0.5212019180993895,0.0500119878275544,0.05344061059338165,0.07092496953458258,-0.10087100644337627,-0.013761731870600973,0.050613239929223265,0.05378089508085942,-0.11170486928667288,0.06843797132766734,0.058256312789793305,0.03699889902512411,-0.03268602252303056,0.04592354902712219,0.1077956956060822,-0.04718207077471768,0.17988372919296736,0.22974296425177795,-0.04352739213412883,0.12798083137326632,0.07254417721897685,0.0961664852009235,0.003460725593653626,-0.10640022322664333,0.04304290969503714
bretonnia,-0.03499816657586476,-0.08093313311565005,-0.00990617128480936,-0.010805179578027737,-0.175345217302494,0.02209045015358402,-0.22505892385756185,-0.126137222495924,-0.07402519603868207,-0.041751053185694456,0.022233016810914583,0.01498239076530332,-0.4498007084438195,-0.4837896263245407,-0.1851103668056442,-0.32410803207901706,-0.3202466445565497,-0.2821159991221066,-0.15763761229037573,-0.18502924898661244,-0.11654883424687484,0.0010604697056434877,0.06543684784712975,0.06555087621720417,0.08103959143148924,0.15272093214159488,0.11304792833282705,0.08924439487797559,-0.30095466533952653,-0.17678535786283722,0.007923784835373097,-0.049605444356799124,-0.10538908037565037,-0.14557095456007246,-0.043035379484775226,-0.07858849865022535,-0.328133419630154,-0.14317694307545203,-0.01991367509817169,-0.06699045874674171,-0.33418005782224347,-0.2067707720372574,-0.14114717388971545,-0.12060300932123817,-0.29505735674017186,-0.1655603555907378,-0.1558561781986767,-0.14709340796290063,0.008041965583727337,0.00936086782286481,-0.020354925451733237,-0.02083741877580521,-0.14952965588754805,-0.14006507147456712,-0.08629802440356903,-0.10061740808941305,-0.29417420270727607,-0.22183396538517594,-0.2902191804779134,-0.12855902751768206,0.061604016846906653,0.22068205516416872,-0.30831361411797464,-0.2333768101512505,-0.09811240652034717,-0.13418141672849013,-0.0795966886540337,0.1882465487855997,0.04304290969503714
chaos_dwarfs,-0.23097273116697473,-0.16326380428691978,-0.05686951766197498,-0.10471625711576975,-0.23367561542194545,-0.331356752303763,-0.11338659602399472,-0.1781079236101243,0.08271189832759208,-0.04197856664989497,-0.03729032302206256,-0.07737557054412973,0.36385018370381195,0.023254243692904745,0.12379113950940426,-0.0009254643720929626,0.020051996298058698,-0.036452586211896044,-0.06083454186035232,-0.04829385879050635,0.21279202232075686,0.058133422170950126,0.04997316975372714,0.032448330915074146,0.40736739368439606,0.1458444961124667,0.07627222569506695,0.08728822755166218,0.0972222111400607,0.0004827897766551006,0.016909824440176687,0.011521895772115544,0.21204663996124498,0.17788897344803029,0.03993955276777253,0.05784213071727559,0.3142335431057819,0.05226914840638677,0.08972997960541873,0.06944753800994267,0.07496248684861256,0.10103396304310559,0.018054505922212877,0.004302415210939202,-0.09091274728982802,-0.06134275011712946,-0.15672993382455264,-0.109214704812143,0.07954060762227767,0.08174556654401018,-0.03338009993397929,-0.004687596584015718,-0.14952965588754805,-0.14006507147456712,-0.08629802440356903,-0.10061740808941305,0.22880215766121478,-0.03927527917341394,0.1077956956060822,0.19498000211361977,0.0024641606738763054,0.06764526639749044,-0.06108321756202827,-0.022584852595282322,-0.030939070367634505,-0.03481565511188032,0.003460725593653626,-0.008184632555895667,0.04304290969503714
daemons_of_chaos,0.35489623652378244,0.195771221186519,0.14505857235032685,0.15247035946914517,0.189361870185681,0.18521992821082128,0.16285547809061884,0.1467089583536282,0.31421757850308313,0.3323457972104339,0.21315220325241208,0.22483965899065547,0.18101746283875417,0.1113764434055391,0.04525230595808621,0.07466872641396226,0.2624551927662789,0.15726544392543518,0.05245402241866731,0.0666495449479293,0.05712375371817906,0.0864799093408338,0.032671584081982834,0.025602596560874234,-0.05289608803150709,0.018418971517217345,-0.03559766814535973,-0.014981605454362897,0.2784302693922634,0.21626019265552102,0.16233364273595832,0.1088591106475946,0.11552026785880128,0.10086546590196788,0.054421599959361265,0.0481068628261791,0.22397376640162836,0.19271147296325566,0.10684048271681723,0.1094300473745264,0.2270471773597291,0.15330557821231175,0.12883714946021488,0.10592601272711308,0.23571309133036425,0.16557931130420642,0.15318524906199454,0.1194018808307661,0.1319147673089641,0.1497219146820688,0.049095332225888695,0.04014293163775459,0.3200901741253059,0.24263038683333166,0.2081170750193678,0.15632443114342534,-0.03268602252303056,0.05565871800506968,0.24046732096741413,0.1184781625948883,-0.05667569549915404,-0.03945366210768131,0.3194822033702087,0.12798083137326632,0.13064003551321474,0.136816114953173,-0.3287689313970957,-0.3028314045681388,-0.3996841614539165
dark_elves,-0.1751634834367186,-0.12340738239240231,-0.06553087427959935,-0.03645749903103715,-0.06805280125239409,-0.03228604253216167,-0.013469250067645386,-0.048181170824623316,0.04993461900849253,-0.07259183899814026,0.02116157722647754,0.006811102537528636,0.0600328524948398,0.00672185286706917,0.12480252756554504,0.13944507661680314,-0.002403269726944718,0.04541987988793267,0.04423235519602241,0.09838456968200174,0.15211119919469027,0.02734321630846209,0.02175080763381376,-0.008878056003900457,-0.10808682491367282,-0.009056178667734154,0.0133089714564984,-0.0014197081589857924,0.04107074607191509,-0.0270003341172648,0.0014641341511603281,-0.02376864079738067,-0.010377285461020904,0.13555314726652812,0.14879775159682176,0.1332065029577713,0.1726266045629381,0.13769914470043268,0.04830482405823393,0.08372892011357165,-0.12725122800294794,0.00988587277461357,-0.08903602713165122,-0.042407597488166436,0.0072656317309696405,-0.08051477055204738,-0.09207328975181994,-0.037774978752128235,-0.09873737900536407,0.04698088206421595,-0.02339263935048542,0.008870879571048606,-0.07599818155233656,-0.008101120333912392,-0.05885099835419643,0.030030984740843772,0.22880215766121478,0.13388684558235878,0.1077956956060822,-0.11663309420190275,-0.05667569549915404,-0.0315686903128949,-0.11652002580501401,-0.11292426297641163,-0.06906447737322816,-0.0393322806399081,0.08651813984134095,-0.10640022322664333,0.04304290969503714
dwarfs,-0.449570653598559,-0.36856691673864755,-0.3418976046565782,-0.31079480429238976,-0.14902984018831325,-0.05947428887503443,-0.07812165039234191,-0.10015187193882377,-0.5103744542760148,-0.37242667702538695,-0.28736485448581955,-0.2802376522785188,-0.27229618346126405,-0.17188716206205595,0.07143012047462359,-0.015581968535942629,-0.19008611049207866,-0.24548633839619802,-0.08240130644000317,-0.09822751086700988,0.3122258138813832,0.13535898344689953,0.07374909503088886,0.0564320079156342,0.3269661044146987,0.13370950314088567,0.10520733318583465,0.09801571604624676,-0.08258261233576454,-0.049579942069907915,0.06255951997326083,0.029064119603915552,-0.1625817725525884,-0.04241388218216203,-0.03928230836566334,-0.029093702270306273,0.1049615540414909,0.09120990858955694,0.11590544209108093,0.08825529537226907,0.12743040869772324,0.1877197229826418,0.24093067138233393,0.2138208447539155,-0.26109412117866554,-0.09392561248241706,-0.0788208065538127,-0.09640698375061107,0.21569298538389758,0.2217932235513359,0.12604071008059475,0.12452911493236117,-0.14952965588754805,-0.14006507147456712,-0.08629802440356903,-0.10061740808941305,-0.5556623828915214,-0.43750229420067205,-0.35655499315857936,-0.36799507331909637,-0.41151483253733623,-0.08502036889433968,-0.3129828257629374,-0.29360308373867,-0.1416843002410256,-0.17031442095271188,-0.3287689313970957,-0.10640022322664333,0.04304290969503714
empire,-0.0906802787534641,-0.046181474616489214,-0.05158895000712628,-0.0053749472033963325,-0.2271785358607289,-0.24979201327514444,0.0688156230728781,-0.048181170824623316,-0.20771097654685214,-0.07367762133728013,-0.08943157273209044,-0.03296695791990385,-0.07787181640931459,-0.10479351213611285,-0.19046029944328421,-0.15855733540363692,-0.29259108482198065,-0.24144851097950587,-0.1924832009219636,-0.21857317683269378,0.3081075665856721,0.143770422908682,0.10681554230986584,0.10438148379384932,0.35292902074137183,0.14413483523110804,0.11326434540635127,0.08577950114497808,-0.25026357983925174,-0.18409644342179016,-0.0680522394502238,-0.14567688234208725,-0.021893866662794203,0.16937584790799984,0.05549748374490565,0.15723066884761705,0.021359164792260514,0.14115539511378195,0.03686927625667017,0.08388082082388454,-0.26718396140546996,-0.17829065724655022,-0.11990093429737257,-0.10541563060847994,-0.14406063413555326,-0.14409439934999568,-0.040039178207183265,-0.09491537907857298,-0.08124084231517098,0.12898386355044933,0.17745946965340714,0.13877245114331757,-0.14952965588754805,-0.14006507147456712,-0.08629802440356903,-0.10061740808941305,-0.29417420270727607,-0.1443950846743398,-0.22388336779724743,-0.09711793059426396,0.061604016846906653,0.1475752219563052,-0.356234470474171,-0.25345223468039035,-0.16347024710136476,-0.16579779542468417,0.3356903825844029,0.1882465487855997,0.04304290969503714
grand_cathay,-0.15212260943219472,-0.10292288312641855,-0.08388518777237157,-0.06201153373518475,-0.10063374434614172,-0.08666253521790737,-0.025224231944862625,-0.048181170824623316,-0.08714405335468967,-0.05418250666664652,0.003830214000285952,0.011783687746980364,0.1493950779447321,-0.236312189466505,-0.05099075093574336,-0.09084477691223082,-0.18919365761159776,-0.07079518662086563,-0.04416706974605714,-0.03590316600485897,0.10223905737477489,0.10086396874819688,0.08077885309335678,0.08323383581131634,0.00959183414553914,0.08757925327576091,0.04360989506010938,0.060692302310305396,-0.28018055218220767,-0.0881620054050915,-0.0446965098355431,-0.08342305898617437,0.033358302674284475,-0.07876444398008818,0.005204036609242014,-0.012033291486727186,0.005297622030092906,-0.08976195281223318,-0.010306485391322473,-0.06433529052441724,-0.23348615817795107,-0.10738485444479154,-0.04406093590376441,-0.08298514735503171,-0.07828379905942522,-0.08673202608744086,-0.14018302600281984,-0.09678863436444765,0.007856906061042656,-0.09671532924086486,-0.02096674616697723,-0.024722926665720756,-0.14952965588754805,-0.14006507147456712,-0.08629802440356903,-0.10061740808941305,0.22880215766121478,0.17680736889636442,0.04145988292541633,-0.18818869409657832,-0.05667569549915404,0.10751686611270099,-0.18173645560471113,-0.10288655071184163,-0.030939070367634474,-0.04836553169596355,0.2526329683367156,0.1882465487855997,0.04304290969503714
greenskins,0.05550681451775682,0.07692185803308028,0.06812774918529634,0.08492416581366326,-0.05747886434570111,-0.05947428887503443,-0.04873419569929804,-0.03518849554607321,-0.07557804037404624,0.039581189974394415,0.0648680104629248,0.06559461786928347,-0.14562356903799104,0.038322858200482035,0.17943426279112584,0.09232471921742394,-0.08514065137795966,0.13724430187072392,0.040389013296692054,0.09651842374794337,-0.03752239395289216,-0.0068960796423427175,0.028177020886009537,0.0021731153868416774,0.13784407666256004,0.10970766400964199,0.11409671876605972,0.06504930448843167,-0.10758348300769424,-0.048420091657980016,0.044605870984160675,0.0001674555482849649,-0.07451690051543457,0.013610417589808126,0.04824984400101931,0.06952419525378346,0.0664444602083788,-0.0723173117479727,-0.012474127974471432,-0.002791556707365692,-0.10113083256000403,-0.029925975085506658,-0.019402192614160617,-0.033371025866046865,0.020315544902386032,-0.06304564383224319,-0.011489892263187222,-0.009955961217521646,0.07212698970402327,-0.04307552219339397,-0.03160969278362127,-0.027970420620072337,0.04961622912218778,0.1766484112630042,0.09485234752229013,0.12148485972202352,0.22880215766121478,0.21495852056624098,0.04145988292541633,-0.18959174507490523,0.0024641606738763054,-0.04974661626896463,-0.17732994007770464,0.06775455778584696,-0.007337627935600364,-0.025782404055824937,-0.24571151714940836,-0.10640022322664333,0.04304290969503714
high_elves,0.15627477314999483,-0.02019953784781353,-0.05318231278112329,-0.09768889757212915,0.06901185590061322,-0.05947428887503443,-0.16040652353286516,-0.1781079236101243,0.11904511632493017,-0.014204079291096676,0.002150313360128664,-0.0500564045856046,0.2740608986340877,0.12545546265570295,0.1219476572274881,0.048198426427567595,-0.01323169801011313,0.06759685540677737,0.0325306269731754,0.03040555866748661,0.020213818134035864,0.002421753446394343,0.036550985659404095,0.02793499408816364,-0.15834811299537285,-0.11000355531831922,0.016113345875794223,0.0017641483021784362,-0.04891260858668517,-0.14152422260535297,-0.011933568685735302,-0.072000650026269,0.040396213408701545,0.018173642281233873,0.08858482059149973,0.018036033355462888,0.3072376296172938,0.0014101913583388867,0.07197894254115841,0.06208474438712493,0.12572547622673538,0.11099507613285961,0.03377310099841816,0.05102537461316934,0.23056414599742445,0.11699810224913505,0.013606988395795992,0.0378944550458769,0.3962351576687378,0.04299734883589756,0.039180267473822084,0.04032457369141355,-0.08650989747104722,-0.04769030567610881,-0.08629802440356903,-0.05489047059882318,0.22880215766121478,0.13751135715846383,0.1741315082867481,0.07895221217687706,-0.05667569549915404,-0.004336079479384555,-0.04954098979451425,-0.05269798938899209,-0.07814195523170284,-0.0664320338080743,0.3356903825844029,0.1882465487855997,0.04304290969503714
khorne,0.13737660174426397,-0.0026600943868435494,0.06579898820791602,0.07620139435215131,-0.12647380266187258,-0.14103902790365316,-0.013469250067645386,-0.009203144988972983,0.175135735953842,-0.02748043268162945,-0.002454846089635382,-0.003744941186589238,-0.01388405003778681,-0.015968951382729267,-0.10105023924166408,-0.009034389356215877,0.17538686607819154,0.039600282619580617,-0.0007421837286241312,0.038674419021137794,-0.14380951165837325,-0.033151596285962814,-0.07248020743598727,-0.039799343350301594,-0.15334784762875434,-0.12377802309297167,-0.0574445736260193,-0.05759388179608835,0.05306752696132076,0.1898020353854774,0.05087541372599729,0.09524494464794732,0.08545712239659194,-0.008079787911676095,-0.007536078357502441,-0.011263699246399986,-0.16224381477209326,0.02286291139991798,-0.027602961770012126,0.030206791539245412,0.43199334556055724,0.2735246638594634,0.1814661765196504,0.21415546232172292,-0.12112442310700369,-0.14781390360064664,-0.008798325335815314,-0.02833301284150497,-0.022694738774909774,-0.0021238256156312007,-0.006371898430603038,0.02809622512063044,-0.009633786252609633,0.04468446012234949,0.0289794850037959,0.08229034187294647,-0.03268602252303056,-0.040480476251143885,0.04145988292541633,0.21729303863991645,0.0024641606738763054,-0.3122497896066648,-0.17965337553739896,-0.20326367335754078,-0.17799421167492432,-0.19289754859285052,-0.3287689313970957,-0.3028314045681388,-0.5472598518369011
kislev,0.28969625525104525,-0.030147281900303965,-0.005943192077688718,0.002463261518356589,0.09709887580901636,-0.005097796189288732,0.10408056870453075,0.1337162830750781,0.07777872433226393,0.08182985770403735,0.10401340168563633,0.14062193657653746,-0.13193044661974324,-0.03641254973548351,-0.031106831242577227,0.06522109914626853,0.03240239261181038,0.040087334039001325,0.1650990784333638,0.08719612583557647,-0.047377368084971255,-0.0036483893752679553,-0.007439698542960281,0.04658881189038868,-0.17209884275357382,-0.1842316318578167,-0.11822954297237707,-0.15075773740883022,0.119012331912774,-0.04853072816389661,0.023689771007366595,0.09263584642557963,-0.010377285461020904,-0.1169347948989244,-0.06195819323949762,-0.05554795600252797,-0.04892070750568944,0.059512153767503316,0.021888841252922956,0.02754482107935617,-0.062287421780823804,-0.0452448759849301,-0.04926016624536419,-0.03900795271254445,0.0913650721689851,-0.16349951664031204,-0.04066458061162963,-0.029129564094733027,0.03006404878321054,-0.047145411736452036,-0.03546363171187439,-0.034303109389316425,-0.14952965588754805,-0.14006507147456712,-0.08629802440356903,-0.10061740808941305,-0.03268602252303056,-0.027613153602472525,0.1077956956060822,-0.04507749430722721,0.061604016846906653,-0.09205339076543409,-0.024864502843277576,0.07779227005041679,0.03986525692846797,0.08261660861684034,0.16957555408902827,-0.008184632555895667,0.04304290969503714
lizardmen,0.11428118021605507,0.07993235952264975,0.04328763209324175,0.04447999165690684,-0.03280359126734813,0.2667846672394397,0.12759053245896584,0.10773093251797773,-0.05403232522086824,0.02001740377893563,-0.04882707377415886,0.004422549888031185,0.19407619066967807,0.13598982996688097,0.15338601171184615,0.09756278256120528,0.15149093312781517,0.11809221590365823,0.03281514766925472,0.05278239646827883,0.08615939787707393,0.07999667659484291,0.04512619656532009,0.05381961624011641,0.038263883802994794,0.07205193318695745,0.01716828863385945,0.011147465108454999,0.4199663421875063,0.11526156180791505,-0.006437398080996056,0.008153218760269863,0.18914277097304832,0.2611870149975643,0.09906424944414963,0.10993391275829137,0.16449093388636746,0.2267574246102146,0.181852583087056,0.1456188415158565,0.2441650038206741,0.07152377737686516,0.009937235376702276,0.01327925840931801,0.04659662003926575,0.350226032772936,0.2501892322988509,0.1820114658093601,-0.029525117521273573,-0.09934780399664159,-0.08169507808355507,-0.10007445786377708,-0.14952965588754805,-0.14006507147456712,-0.08629802440356903,-0.10061740808941305,-0.03268602252303056,0.05421437380406952,0.1077956956060822,0.04436700556111722,0.061604016846906653,-0.3569057768895464,0.22640327472324973,0.19824481722525567,0.2540937343884704,0.21811537445767185,0.3356903825844029,0.1882465487855997,0.04304290969503714
norsca,0.07615672653054625,0.10382003438553797,0.06579898820791602,0.07620139435215131,-0.0752751778002692,-0.1682272742465259,-0.13101906883982112,-0.08715919666027366,0.06817097809966575,0.06656247120211693,0.08349938669460545,0.05894850102989276,0.022109068546197385,0.14794743932729892,0.07756282373751355,0.07882947406706751,0.18303356462231216,0.022623066894134822,0.05281294242376422,0.03460806655844946,-0.20902987396468628,-0.09658266380043529,-0.05026722617088498,-0.0947071523496292,-0.14999945564217942,-0.035260780871381146,-0.04333584517896192,-0.03596972776499319,-0.09166707372981255,0.11972703668504715,0.0496928514804185,0.10850335439710274,-0.12803786708857642,-0.043525381467630735,0.02937916706311617,-0.010442945543476601,0.19202367935375658,-0.12762677218673876,-0.0553768405082693,-0.10826877914987763,0.039047927210619796,0.037664959093419804,0.03344201652904317,0.013647774553301668,0.11943274256147539,0.1763970344302311,0.1048715030092532,0.11530808409466822,0.03947564736546295,0.15431412064492386,0.07390824405075737,0.059663256628885955,0.18709478042152247,0.15993297745185464,0.11040566228360121,0.11625892400881326,-0.03268602252303056,-0.004433374643852095,0.04145988292541633,-0.1409108870233105,-0.1749554078452148,0.07039647602284115,0.09878547035561731,0.2484333785481053,0.10340760193779079,0.1142329873130344,0.08651813984134095,-0.008184632555895667,0.04304290969503714
nurgle,0.07783137652085012,-0.0026600943868435494,0.06579898820791602,0.07620139435215131,-0.11018333111499877,-0.14103902790365316,-0.013469250067645386,-0.009203144988972983,0.055249094880385485,-0.07514201600256698,-0.011369993367181431,-0.00890639822910788,-0.14985805357728332,-0.09861238554416604,-0.14740333863797767,-0.11330413579085562,0.16480893309215852,-0.022114701838206515,-0.001085220252079826,0.003762916583888929,-0.22480423190986482,-0.08384564601861318,-0.10148163545401316,-0.09803219573406007,-0.058420934809355674,-0.09573418570958929,-0.10043303864035072,-0.05983663318249493,0.040258854552739295,-0.22831111948055538,-0.18054887849643483,-0.2292920167674797,-0.0520863323357466,-0.0647630657709186,-0.05760230638988104,-0.024029467766014456,-0.04899373866077526,-0.056508983677802015,-0.0739277200844142,-0.023977915065689488,0.22546402577952607,0.05237214822999591,0.0536669092079427,0.06771838130892505,-0.11634604580938908,-0.08551490399615813,-0.008798325335815314,-0.024842070735407507,0.028167188675692206,0.05510185775921944,-0.002483280380302571,0.02642064517805945,0.07614611416863491,0.13705922592080774,0.06740532147291754,0.08229034187294647,-0.03268602252303056,0.028597730352489102,0.04145988292541633,0.17406153037021663,0.2390235853659977,-0.11524824840879616,0.4320636165852592,0.06775455778584696,0.021710301211518734,0.023900476752480013,-0.16265410290172103,-0.008184632555895667,0.04304290969503714
ogre_kingdoms,-0.17597193515617562,-0.2125444047574813,-0.11759093876076808,-0.16476823867051626,-0.16242518814462859,-0.03228604253216167,-0.04873419569929819,-0.126137222495924,0.2803981369190925,0.018105853736637773,-0.0037832809948066836,-0.02839446995543715,0.3921072952160438,0.05823601672246153,0.0747292083118481,0.060302278716338704,0.26134630488451127,0.036145850846654004,0.051292009996115225,-0.017353597921319547,0.07177822823925774,0.046159089275795546,-0.019592893285184612,-0.004654503697070306,0.0632584753648501,-0.000950586447060721,0.011019944717300325,0.03790702060347787,-0.006766417724591081,0.08066868429604854,-0.16364465192711433,-0.046207828998413115,0.43602733826485673,0.17850849697260587,0.2106689458193905,0.16305043608383557,-0.10313903704147166,0.08198424292280396,-0.007386314702197364,-0.014897831297807248,-0.021016297827945073,-0.019071154869683388,-0.11281198548250433,-0.09912789278420484,-0.16383322984982007,-0.06964250284735272,-0.10910016825003521,-0.15437871388265445,0.05375166768685659,0.060361932317521544,0.014372544860646642,0.022583494573643847,-0.14952965588754805,-0.14006507147456712,-0.08629802440356903,-0.10061740808941305,-0.03268602252303056,0.005700646870784636,-0.024875929755249725,0.31270050516615044,0.2390235853659977,0.14293841231126778,-0.010763653156856524,-0.022584852595282322,-0.128975831239161,-0.07998191039215748,0.08651813984134095,-0.008184632555895667,0.04304290969503714
skaven,-0.16492309499026359,0.027641257562518767,0.03888545673687842,0.07620139435215131,-0.050451602109794776,0.10365518918220266,0.05706064119566055,0.0947382572394279,-0.22361586701209737,-0.010477268029039618,-0.01361646378814454,0.02899309686058384,-0.2618366447274567,-0.02743176311444029,-0.022244244662343995,-0.0045350272532245165,-0.17865527651458574,-0.07836540594685705,-0.059892183370688704,-0.048229464773371825,0.010109981018823419,0.04602802545747935,0.09098983484910617,0.09635521824360031,0.040412435327713686,0.08293077532149809,0.06892996885951738,0.08084655745253551,-0.057284112251073646,0.10998890418342368,0.18289234675232602,0.14540756170169253,-0.23295121243695824,-0.08135796033074937,-0.057601277100579225,-0.045126263915232744,-0.12989765226495031,-0.09517839901248956,0.0517468788580721,-0.017315763502966715,-0.3064749051686905,-0.27108574209266467,-0.1111586182107977,-0.11131023023012532,-0.2600159232243321,-0.12418531466077998,-0.06233547524914296,-0.054738648520603186,-0.13328182323984777,-0.20949876555668104,-0.1240039866797213,-0.13597399991978762,-0.013963896503214895,0.04468446012234949,0.009766566769235072,0.036563404382356585,0.22880215766121478,-0.08649544684509142,-0.09121174243591561,-0.3591270716227477,-0.23409526401824515,-0.01388767352335087,-0.062319884822833356,-0.0326225648598523,0.03986525692846797,0.03293372780853546,-0.0795966886540337,-0.10640022322664333,0.04304290969503714
slaanesh,0.3251771800887133,0.18091505079233922,0.07825990220968666,-0.011837169441079907,0.30685274048497085,0.10365518918220266,0.09232558682731319,0.029774880846677204,0.2989680133157924,0.34218629098715286,0.17080335691860163,0.12042505127149158,-0.19224994879842033,0.07654422785132557,-0.014982793683505587,-0.011540032970516976,0.11293882796787463,0.057684931147329414,-0.02820405399675214,-0.04149581632822159,-0.25793038359473974,-0.22242813251771262,-0.09815964418740736,-0.10200490717348674,-0.17209884275357382,-0.1842316318578167,-0.11822954297237707,-0.15075773740883022,0.05363831130207456,0.09971468149864006,0.06748766508215016,-0.0017495866931984507,-0.07805433779108435,-0.0630555964081954,-0.041964399916084916,-0.09457187454424973,-0.2054644490554468,-0.16466042633913655,-0.1813366537867637,-0.17280855949075424,0.09137108693632988,0.09438373780934602,0.03334720094923074,-0.030959942774536,0.26210143616168025,0.14641527022249037,0.085628425056957,-0.016225551933553947,0.23344446421373352,0.10252818867678548,0.06347476439392472,-0.02765216923487616,-0.14952965588754805,-0.14006507147456712,-0.08629802440356903,-0.10061740808941305,-0.03268602252303056,-0.08558080132163853,-0.09121174243591561,0.4075116750265956,0.061604016846906653,-0.07878688160068648,0.24756831961390316,0.06775455778584696,0.023525796783213475,-0.007715901943714045,-0.16265410290172103,-0.10640022322664333,0.04304290969503714
tomb_kings,-0.19325259065956854,-0.1514181353823096,-0.08436523937735788,-0.06840004241122159,-0.175345217302494,-0.01869191936072529,0.021795695564007424,0.029774880846677204,-0.1268219034410639,-0.02092389143278603,-0.02668634154258906,0.003564041151633322,0.13008842429815032,0.1593440334385014,-0.058086332239411426,0.0252968799530576,-0.16744011864987574,0.07604280275766688,-0.047971955930555615,-0.019377219823416794,0.09779685312584527,0.06253960806118547,0.004745810081530437,0.02036043902678012,0.10682220972811604,0.12069718419071267,0.05684390767655144,0.07285178664064587,0.07875282229524028,0.12323401517439296,-0.09991982262401412,0.011163111908725364,-0.10538908037565037,-0.0006015943113395796,-1.0592678474291055e-05,0.008799560709853493,-0.07737364552716132,0.00476812726030986,-0.04348235215261341,-0.04452810471204473,-0.12085038238988575,-0.08994679918022767,-0.020173585961148658,-0.04287885425615036,-0.22672656138428426,-0.236997061126789,-0.07241583098560003,-0.0841604451716671,-0.44812975783414194,-0.27566093466331143,-0.20487076321469255,-0.2125740557828442,-0.14952965588754805,-0.14006507147456712,-0.08629802440356903,-0.10061740808941305,0.22880215766121478,0.1926428436116322,-0.09121174243591561,0.04436700556111722,0.061604016846906653,0.13496946793449632,0.2283999770714245,-0.022584852595282322,0.04349624807185786,0.023900476752480013,-0.0795966886540337,0.09003095811485205,0.04304290969503714
tzeentch,0.08591426377243722,0.13183078737544526,-0.08321107275260375,-0.05026650624616312,0.022767936670777818,0.10365518918220266,-0.08399914133095085,-0.048181170824623316,0.03302087959593847,-0.03844825390036874,-0.07315193529177604,-0.06214831044788509,0.03255868361896712,0.08695594405538795,-0.12044478745909899,-0.1003042853886929,0.08119269562502605,0.07767412767639216,0.009991659419215065,0.01282323129586355,0.12115906636343891,0.1068508614500413,0.032671584081982834,0.03153607350816024,-0.09225589577047151,-0.06302747322768007,-0.0588208848812241,-0.0542020207751791,0.2658096351648442,0.08556319031828058,0.03739932798912231,0.03437438833857563,0.14714867047014638,0.10818022254943668,-0.07951426156487543,0.0011247266452214142,0.09648573577659211,0.19120318932372915,0.09671980467678831,0.10672406624275178,0.1521794284378698,-0.009062268689960313,0.030700541304202272,0.03495858040063317,-0.008169749439522641,0.15903693987238687,-0.029499063094688208,-0.02893199439160559,0.05876618378541082,0.052780683589641594,-0.007999792108606161,0.02700455940047046,0.5103340186048076,0.24263038683333166,0.21159369831895491,0.16459882935600828,-0.03268602252303056,0.1500375141416681,-0.024875929755249725,0.3288582212713998,0.17988372919296736,-0.010622805873764407,-0.01079208228928886,0.007528284198427441,0.007186336637959157,0.03293372780853546,-0.0795966886540337,-0.10640022322664333,0.04304290969503714
vampire_coast,-0.3738970851136335,-0.11676464540998255,0.041224431578194345,0.017083117911594652,-0.10171228591062438,0.10365518918220266,0.09232558682731319,0.1337162830750781,-0.43534101599121794,-0.23013133237142328,-0.16494975111776533,-0.1655544015662399,0.04370493969658816,0.15979951981492754,0.02190332705438031,0.06414507489132784,-0.022203824301881087,0.04713159439844322,0.1823077129285383,0.142619401134165,0.12356163776963691,0.09102782398334454,0.08483176132231152,0.05758576295743162,0.026661705569512726,0.1036419671668845,0.12182005783977143,0.09462293056062755,-0.10344697531470215,-0.11810474886567889,-0.05628359600357952,-0.05826779690703218,-0.40279107969572825,-0.1937451517985023,-0.1464102955624287,-0.1391230611816281,-0.07012194395175052,-0.007720267278515693,-0.052799041455874635,-0.01066333046881173,-0.17570658464392067,-0.13911371688039917,-0.13435965975302083,-0.1258340467179307,-0.18152311214885095,0.05001969645270078,0.10587615210577699,0.18643174003996732,-0.37943566301356857,-0.1286455766158941,0.17435315690739336,0.15766745598632828,0.11955005679313913,0.1370592259208078,0.0289794850037959,0.08229034187294647,-0.03268602252303056,0.05973738284825479,-0.024875929755249725,-0.22539760604180958,0.0024641606738763054,0.02204643736663301,0.16514444668124542,0.0677545577858469,0.05983570821711224,0.06455010650472945,-0.0795966886540337,-0.008184632555895667,0.04304290969503714
vampire_counts,0.0007556107171203352,0.09321783348748895,0.041224431578194345,0.017083117911594652,0.04164386370186517,0.10365518918220266,0.09232558682731319,0.1337162830750781,-0.13421344247739736,0.005933422945525992,-0.05288195371504857,-0.05767651324204017,-0.15337738072771737,-0.02057098864972821,0.02850679103239118,0.046456796194475215,-0.06257839261483716,-0.03427439813191454,-0.08418494895147012,-0.04312354474429478,-0.2800144847179897,-0.3988614547715765,-0.27856751774847566,-0.29467750312902946,-0.17209884275357382,-0.1842316318578167,-0.11822954297237707,-0.15075773740883022,-0.0910093127276105,0.03563348727643699,-0.06805750055926911,0.030529108728845452,-0.14037755088389475,-0.11113027271639217,-0.1507167279026822,-0.11472900014091822,-0.07012194395175052,-0.12730387903568255,-0.12495662615561873,-0.11106163839042586,-0.1996438365365904,-0.19017757394625326,-0.07007566401168162,-0.06401589100984553,-0.04696400744802633,0.04568316734247676,0.10352950157431988,0.18643174003996732,-0.44812975783414194,-0.4111310105675363,-0.2828060148414142,-0.2966220403119858,0.5354804623420445,0.1370592259208078,0.14425699441116083,0.12801727936353638,-0.29417420270727607,-0.1821133471870386,-0.15754755511658158,0.0236158815916613,-0.1749554078452148,0.11914105071205737,0.1958137947492111,0.0677545577858469,0.07617516836236675,0.06455010650472945,-0.0795966886540337,0.09003095811485205,0.04304290969503714
warriors_of_chaos,0.1886175393541671,0.18091505079233922,0.14505857235032685,0.15247035946914517,0.060044623856462476,-0.005097796189288732,-0.08399914133095068,0.01678220556812724,0.22484747654485004,0.19956605344282963,0.14263183572681482,0.15436159274305458,0.14373719097831586,0.08835961783682575,-0.050389003009329615,-0.1024387703725691,0.15612747488266385,0.1196628044370701,0.056121491304342845,0.07281377532679154,-0.15805335780959365,0.0010805732064573833,-0.030068951766317284,-0.023039342424515243,-0.0687103283497526,0.08827031620043639,-0.003884243140469709,0.039613582458097235,0.10449547035889921,-0.014233057999554283,0.04209939367295983,0.02651118477430621,0.155018228796949,-0.07819207193929133,-0.01887746028800648,-0.06919698870674197,-0.031253868080869406,-0.04592198013939016,-0.04371641065492518,-0.047172046518875466,0.349806784294371,0.2735246638594634,0.19199972322762013,0.21415546232172292,0.1287189520724885,0.18498736385659334,0.1048715030092532,0.11530808409466822,0.3297993549561803,0.15431412064492386,0.08008163403973845,0.079301452503423,0.14432501025126684,0.20568048051394827,0.13181434260211186,0.12453332222139618,0.22880215766121478,0.009040612254449581,0.1741315082867481,0.11575848710741052,0.0024641606738763054,-0.16724010119508823,0.1091986787224028,0.2484333785481053,0.12156255765474011,0.1142329873130344,0.2526329683367156,0.09003095811485205,0.04304290969503714
wood_elves,0.08425623561826566,0.22397831123009404,0.06462439385529024,0.03674006768401593,0.5878007190087485,0.21240817455369423,0.05706064119566039,0.05576023140377742,0.03240436571589329,-0.04091075553788901,-0.0327324571932538,-0.09045397457236327,-0.1664702621545068,-0.08446557622340252,-0.026016940762760656,0.09821005015191142,-0.17110661256718476,-0.11492207422880381,0.011624500986655796,-0.01697303792801177,-0.006877789075984218,-0.04116862795308743,-0.009662557036630154,-0.041764196644517644,-0.17209884275357382,-0.1842316318578167,-0.11822954297237707,-0.15075773740883022,-0.08258261233576454,-0.05860801345152168,0.006633614937084788,0.05746336328925226,0.008996303978225706,-0.12839507589286295,-0.07137884360137832,-0.11845177230530066,-0.16769408391249085,-0.1705246663546554,-0.08190528627349784,-0.14615716295572784,-0.09165341382421843,0.06270476450847234,0.005144133130563419,0.053189344954165343,0.3308365557504426,0.07751385455334109,0.03160490855919516,-0.0008223679798007145,0.057168151182574824,0.0661213413731496,0.026819185522168543,0.07826025970000358,-0.14952965588754805,-0.14006507147456712,-0.08629802440356903,-0.10061740808941305,-0.03268602252303056,0.005005760165871444,0.04145988292541633,-0.15516303260672804,0.0024641606738763054,0.09446586669685937,-0.12719735188968379,-0.022584852595282322,-0.06724898180153321,-0.0393322806399081,0.08651813984134095,0.1882465487855997,0.04304290969503714
