race,movement__breadth,movement__ceiling,movement__access,deployment__breadth,deployment__ceiling,deployment__access,shock__breadth,shock__ceiling,shock__access,contact_authority__breadth,contact_authority__ceiling,contact_authority__access,melee_pressure__breadth,melee_pressure__ceiling,melee_pressure__access,missile_pressure__breadth,missile_pressure__ceiling,missile_pressure__access,bombardment__breadth,bombardment__ceiling,bombardment__access,target_solutions__breadth,target_solutions__ceiling,target_solutions__access,burst__breadth,burst__ceiling,burst__access,sustain__breadth,sustain__ceiling,sustain__access,material_durability__breadth,material_durability__ceiling,material_durability__access,avoidance__breadth,avoidance__ceiling,avoidance__access,morale__breadth,morale__ceiling,morale__access,restoration__breadth,restoration__ceiling,restoration__access,battlefield_control__breadth,battlefield_control__ceiling,battlefield_control__access,role_coverage__breadth,role_coverage__ceiling,role_coverage__access,elite_orientation__breadth,elite_orientation__ceiling,elite_orientation__access,command_magic__breadth,command_magic__ceiling,command_magic__access
beastmen,0.45980767456403143,0.8781751561422656,0.8903257579207233,2.3097822595945323,1.2832413049416098,1.5956512925560853,0.5730564460083907,0.05772381139666701,0.1589269241071782,0.15826479428124704,0.4679712062983112,0.07422125599555673,0.5762710142001136,0.8951363081351692,0.3944995863954056,-1.1513184148834268,-0.02574553966124908,0.09794920348944315,-1.0488313766914286,-0.5214733992694743,-0.5693716907197378,-0.33866123169932516,-0.109606354157601,-0.5324457302902206,0.6393902505463347,-0.3870788126315905,-0.2203234913273915,-0.48678079254607587,-1.0368373218689941,-0.9250699242749306,-0.18453367620010747,-0.9265491861106097,-0.4923861390343484,2.169455288479246,-0.262282339594187,0.4050534962853535,-0.4941649912545319,-0.09534407520008308,0.49590644822262536,0.7468304865078499,0.5988888494981179,0.7334262634890455,-0.21323980112529947,0.8866772093336089,0.7107848719861154,-0.16012815380508655,0.3181676807154236,0.7468304865078541,-0.2311439968118818,0.9857339337275467,1.516979214241519,0.01695402368848356,-0.7371623702608655,0.2982100259896133
bretonnia,-0.174767175908469,-0.5616392462498283,-0.09775162597384726,-0.8590126224570929,0.15304712811230092,-2.205118102043672,-0.3626479168085313,-0.2911412419499515,0.21629775653349131,-2.162312505368291,-3.470325058890626,-1.8604578609577322,-1.8656979802534146,-2.392604185519587,-1.7839748259414216,-0.6899523985643098,0.21587405835970921,0.5565822632660596,-0.3238354270869601,1.2249153814873623,1.1528030602023265,-1.5795554823865305,-1.2696202469034834,0.31098359231820316,-1.072931832712906,-1.2469728400936808,-0.6068000350898639,-1.7725085841578412,-1.5894591791526693,-0.5032760795030451,-1.7402595710883202,-1.4010201195444025,-1.6671957189744944,-1.7623261552948357,-1.314508944141832,-1.3509964823827108,0.03939742441831088,0.06485399468855403,-0.19943672443654722,-2.010697463674992,-1.0030772088301811,-0.8804519479326482,-1.510422070684779,-1.6168819699612877,-0.961301333645455,-1.441153384245784,-1.5369107955664012,-2.0106974636749904,-0.6298080384934849,0.5029254763916057,1.5678397351428484,-0.38994254483512336,1.304210347384608,0.2982100259896133
chaos_dwarfs,-1.1327868094389215,-1.1316959769949908,-0.5575428864409935,-1.1447720462292037,-2.2957069216845323,-1.1109572157194996,0.4052038931191237,-0.29109660150806504,-0.36595936532634166,1.7823332933639031,0.3048465089236229,0.8307573700194847,0.14208459830591594,-0.2206888087301601,-0.7522904271243809,1.2869412406476821,0.348091224529075,0.17981903127551024,1.156039817714992,0.6529515563835703,0.431829845637217,0.5680987516937226,0.06854507960391781,-0.36255099941422136,0.7888153363127574,1.293229613162231,0.2744005783975354,1.4381262503074819,0.6239532243769134,0.9834459575722412,0.7038712594160915,0.8477985795212997,0.166450388356083,0.13554504685476437,-0.5258412468669195,-1.252753522922604,0.38966780501102116,0.5663498981909129,-0.32705684960543885,0.7468304865078499,-1.0030772088301811,-0.8804519479326482,-0.29924542974876306,-0.1564724487059312,-0.30313974206707067,1.1208970766356101,-0.27210711603921883,0.7468304865078541,0.9552030304503079,-0.46269143828027653,0.7402390057568599,0.01695402368848356,-0.056704797712374445,0.2982100259896133
daemons_of_chaos,1.7312275839341704,1.3566641470108214,1.4216107807772296,0.9276799173881304,1.2832413049416098,1.5956512925560853,1.53934547109094,2.3034951618460116,2.090139833210554,0.8694971716294463,0.5532522031020983,0.31973784249887044,1.6026623638822282,1.1571870725672109,0.6110591885764726,0.3525305719112809,0.4133088324334652,0.13111007284870216,0.029004154962606526,0.19047544665186714,-0.20562354278108558,1.5793797614476397,1.6186880614731258,1.9362553975925025,0.724390266192847,1.1375621281263026,0.834438453438841,0.8547778471595926,1.4561332276391152,1.278014802985793,1.3620392073557994,0.9575634903390688,1.1994324184543603,1.1886579247317581,1.6140210198038398,1.3983947360924576,0.6462477388898744,1.0373038529433432,0.481034050823387,1.6660064699021324,1.2327744959627924,1.4374744259978698,1.5651367603141908,0.8866772093336089,1.2800057079457983,-0.16012815380508655,0.38561490987571734,1.666006469902136,0.5804220880399529,0.5029254763916057,0.1264887752531684,-1.610632250405944,-2.0980775153578484,-2.769093098474982
dark_elves,-0.8599638787198008,-0.8559058999185664,-0.6429515421813039,-0.333389277270803,-0.22368426416413492,-0.13197115953471597,0.24462867414217668,-0.5029601387035907,0.20688419617413578,0.29908141296549406,-0.1185835566021698,0.8658912774282705,-0.0930805876625871,0.27296445119151935,0.5294160585742043,0.9226999663937699,0.23557537255805414,0.08718364947556805,0.3195637561587677,0.10471670522951176,-0.0231601561698456,0.25673175176411744,-0.7204327468774703,-0.5990967400954124,-0.050589881707378645,1.8534478592722492,2.1910271331384163,0.9069536022498472,0.8037152100690821,0.35570400337394836,-0.6721781086145855,0.03046363008181901,-0.9627667197598964,0.4672170991038721,-0.6339518801026629,-0.6928258829084288,-0.48371239420586876,0.3254930988784936,-0.22920012058256073,0.7468304865078499,0.06161407916647278,-0.5586694614707229,-0.570829216076426,-0.782362243529656,-0.6766909156656129,1.1208970766356101,0.9275952760550962,0.7468304865078541,-0.5713831358332497,-0.9454998956162181,0.20692540549745372,0.4238505922120905,-0.7371623702608655,0.2982100259896133
dwarfs,-2.2014004939513483,-2.5530338027947734,-3.348558607100817,-0.7300941298197791,-0.41204996030235225,-0.7654327253013397,-2.5003139814553204,-2.5786514055636074,-2.8131885686689895,-1.292893110602594,-1.413168920873644,0.002059997066138193,-1.0977429509464434,-2.252040791345703,-1.151840493448349,1.9517804251047413,0.5274712686729202,0.5812027654802973,2.6388884054312993,1.1921088805904163,1.1469708971599584,-1.2326149408330929,-0.78192130080866,-0.024231780525585257,-0.4076463563447762,-0.14997016282528933,0.5804403216529191,1.172916169222732,0.41345421961989437,1.2687511886914262,0.16585503886480632,1.0574414882339152,2.215615982946366,-1.1371273469102645,0.03819239366148311,-0.3133600674559197,1.056675510576278,1.5366285278615834,1.2349417060621002,-2.4702854553721365,-1.0030772088301811,-0.8804519479326482,-1.5332964427472193,-2.034141833177104,-1.3882169606152173,-2.7221786146864804,-3.031104807934042,-2.470285455372131,-1.80280031497974,-2.3939252676240415,-1.6172978772821207,-1.610632250405944,-0.7371623702608655,0.2982100259896133
empire,-0.4469686057924221,-0.32008517874151327,-0.5055419703406794,-1.1129429867427114,-1.7306098332698783,0.6742526514409931,-1.017571813029983,-0.5117096653134365,-0.876268225331984,-0.7891656012427198,-0.06900158171624424,-1.8735015870615908,-1.6122965353943466,-2.099921728838255,-2.2761799793842323,1.8590800731603898,0.5470926946857363,0.680551921135553,1.9326229261643202,0.9165183475701991,1.1419719002665012,-1.3105243957784263,-0.9127160243297766,-0.5363663779258152,0.6617053255147148,1.2780495803240945,0.4840038305817584,0.6638692027770154,0.9839729541332644,0.16891713416097695,-1.3070517051898827,-1.487429720753427,-0.958187460390002,-0.7808403733396814,-0.5024863365511839,0.03894109279829378,-0.3979972198921537,0.8936264201036384,1.7387406027030534,-1.5511094719778538,-1.0030772088301811,-0.8804519479326482,-1.7451853629045573,-1.7559685910332266,-1.6016747741000978,-1.441153384245784,-1.0003984920766666,-1.5511094719778493,-0.4757787496619562,0.020117019055664546,0.3282640756467629,1.644540297782911,1.304210347384608,0.2982100259896133
grand_cathay,-0.7473288042850615,-0.7127124313281457,-0.8223457060291048,-0.49300264910747743,-0.6004156564405708,-0.24714598967409904,-0.42691692967372463,-0.37627056462838926,0.036649469465560774,0.7452437132544334,-1.4920042609422628,-0.25650031554104097,-0.7251192267585284,-0.4783374137970374,-0.3710314082143708,0.32397728761539174,0.4475564537471694,0.5831046094752126,0.5792845273772267,0.5817646345343729,0.6802759270169925,-1.4764178041534035,-0.489662746182171,-0.4069850059510234,-0.18984190681596377,-1.0330671302148702,-0.5179615705879432,1.3253082930644298,-1.450894714174839,-0.4967950717837927,-1.0090345698563021,-0.6949129404878164,-0.5232873108748949,-0.5116067686809261,-0.043047536307767725,-1.0035788556472858,0.03849082161306993,-0.6700634564637192,-0.2054313187021969,0.28724249481071146,-1.0030772088301811,-0.8804519479326482,-0.8903231677870206,-0.7128189329936861,-0.3031397420670704,1.1208970766356101,1.2249573843243053,0.2872424948107138,-0.9219325517946594,-0.46269143828027653,0.9639972962536587,1.2376437292593043,1.304210347384608,0.2982100259896133
greenskins,0.26766548876359275,0.5339130599296248,0.6687670681000037,-0.28158777728324114,-0.41204996030235225,-0.47749564995287436,-0.3702552693517583,0.2734264265944732,0.6348429336660387,-0.13771869251174046,0.34947028632095145,1.4366594858117283,-0.47855839005875267,1.2360590945264578,0.5338954987572161,-0.21559015643338644,0.1737641081200379,0.44102539908041394,-0.15265582787479406,0.8862599244128218,1.2760303657386405,-0.04449575291676177,-0.34669058288495264,1.1322503650976115,-0.4454103293681899,-0.10725828335677538,0.6740519054098791,0.5818270342560675,-0.43568071996517566,-0.01233974476980313,-0.5209068426624237,-0.1810456856621666,-0.16106671752875265,-0.4707609260332964,-0.3069831356823677,0.03817804068598453,0.3533486429156657,-0.29843597200607647,-0.3097104729840309,0.28724249481071146,1.5521818823617883,1.2433124627160592,-0.8687357386173862,0.46941734611779357,-0.07189377745844958,1.1208970766356101,1.489276316562275,0.2872424948107138,-0.9288060697546868,0.020117019055664546,-0.6524006111886818,-1.2037356818823373,-0.7371623702608655,0.2982100259896133
high_elves,0.7602686130613248,-0.1399385569664677,-0.5208963354175892,0.33808766631796555,-0.41204996030235225,-1.5716565362770465,0.5831995827326933,-0.0984284543239313,0.02039192952735585,1.6366986017459755,1.068904741915707,0.9914897368477045,-0.054291212700020845,0.5913873119386229,0.42092295080829023,0.13097586521477694,0.218718965411104,0.4696124365137235,-0.38089529349101564,-0.40999499816334756,0.22874051655906716,-0.2301799538698057,-1.6668152578722006,-1.0385359959189049,0.26195355242522217,0.5641262868834594,1.6001344514841875,1.4178332987578144,-0.2496721787856357,0.5264996904970257,0.6423836913530873,0.9146865720508783,0.2661110819949668,1.2703546316452456,0.35850624428213473,-0.43319740169444165,1.941147908879297,0.2978943710981483,0.3838866531865142,1.206418478204994,-0.2577933072325234,-0.8804519479326482,-0.24270029269797747,-0.36510238031383946,-0.7656316712843134,1.1208970766356101,0.9527066288648383,1.2064184782049945,0.3867852677946029,0.020117019055664546,0.036860677961563934,1.644540297782911,1.304210347384608,0.2982100259896133
khorne,0.6678850974643459,-0.019297380393136325,0.6442960487586782,-0.6195925647020812,-0.9771470487170073,-0.13197115953471597,0.8579863776274379,-0.19083416902994585,-0.024798101699057464,-0.053151981999458316,-0.3421982633376856,-1.3023126133199472,1.1488017005774511,0.3672440309288545,-0.07498840611927364,-0.8535866962856868,0.12164594352639713,-0.8399720588512221,-1.039677387428746,-0.5592168007868342,-0.8724003154158939,0.7151214328002378,1.5071366995735067,0.7016325664542244,0.5393323337526243,-0.04157433898492263,0.06506520535517642,-1.1976984955037493,0.5129033490458447,0.4675718322671016,1.7470637493941041,1.6791568034126854,1.6226313242325139,-0.8690638144143025,-0.9717191314431358,0.1033426910773837,-0.11118105968857031,-0.014714295490757956,-0.06243159939127347,0.28724249481071146,0.4874905943651347,0.47103449520743895,-0.880118201270466,-1.4082520383533799,-1.7439799830900191,-0.16012815380508655,-0.28045696632626604,0.2872424948107138,1.064514138653328,-0.9454998956162181,-1.363777030157594,-1.610632250405944,-2.0980775153578484,-3.7915274732965143
kislev,1.4124981493495072,-0.20841057610268293,-0.05864597741859151,0.47568540065992637,-0.03531856802591637,1.0197771418591515,0.3810363749172817,0.567249815094465,1.018748185276752,-0.6088980051663802,-0.02735272281206977,-0.6520197522387567,0.21495268409897206,0.5324472893272156,1.8679954365963813,-0.27474539116298674,0.20444117136377774,0.33678200810594233,-0.4595985574966093,-0.7461023774983194,-0.5554313985696859,1.4834698505369728,-0.3140670713860091,0.3285175997996371,-0.050589881707378645,-0.7849341980052104,-0.6029523165067249,0.13664972709918577,0.4224770219905434,0.5189972196046323,-0.43391378237044503,-0.4672112826608819,-0.5737533389436276,0.475583115067845,-1.035505660692563,-0.22385405468178476,0.14728315824201457,-0.3266329938851559,-0.34747120848030616,0.7468304865078499,-1.0030772088301811,-0.8804519479326482,-0.12181068934802317,0.5389606566537622,0.3905981517587932,-0.16012815380508655,-0.19130953998674394,0.7468304865078541,-0.22083371987184028,0.9857339337275467,-0.2707884146715249,0.8307471607356974,-0.056704797712374445,0.2982100259896133
lizardmen,0.5549833680238422,0.5540199226918462,0.42525643445838895,-0.16070412067164214,1.848338393356263,1.2501268021379237,-0.2647032528144831,0.13905869651471425,-0.4765748764256573,1.0357139608383765,0.655391071367102,1.9537801110260784,1.2432632925965028,0.6843217874254888,0.4149237005631863,0.5268192430660383,0.3986981709464295,0.49432229894039575,0.7781332428413592,0.22758182873433547,0.1728167789541964,1.9910409244342608,0.5708268856775317,0.09300647446672956,1.177583968911776,1.9088578650692423,0.4064893479859212,0.5394060411315779,1.903604734218684,2.448224147858973,1.2082614661829223,0.514972806738375,0.38670216936051316,0.3795046504815965,2.99158403633036,3.249711770982608,-0.144642945045655,-0.6883017765703103,-0.8004450232061556,0.7468304865078499,-1.0030772088301811,-0.8804519479326482,1.109144998334244,1.373480383085394,2.4895999843601255,-0.16012815380508655,0.3756081997167184,0.7468304865078541,0.21735305007992167,0.020117019055664546,-2.7221904994402317,1.644540297782911,1.304210347384608,0.2982100259896133
norsca,0.4269412480455353,0.7189505402143993,0.6442960487586782,-0.3687715518158787,-1.1655127448552245,-1.2837194609285796,0.33396822322125586,0.46234477666010176,0.8187409120248067,0.12655227783914122,0.7897582233079575,0.9668749633936441,0.46798001447453946,0.3098936769770914,0.6539871569970006,-1.245076901097171,-0.012419746491495411,-0.1185988102549469,-0.8465445603955388,-0.17612923812856565,-0.4369795575454182,-0.7950698768990347,1.3940819500472124,0.7316908649938286,-0.7748661884923876,-0.07308877978196274,0.44075352549529834,1.2284669294499428,0.013476365079238155,0.031266165862979395,0.1998927997568263,0.25917415657435366,0.536993697317946,0.19158675171941653,0.1861068256611423,0.8269068565767617,0.19339038662285452,1.069119589129286,0.724149942837784,0.28724249481071146,1.2327744959627924,1.146777716777482,0.48394799274419253,1.7211969357652412,1.0131834410896976,-0.16012815380508655,-0.03071532052855762,0.2872424948107138,-0.6903195448201564,-0.9454998956162181,0.29510773678361096,0.4238505922120905,-0.056704797712374445,0.2982100259896133
nurgle,0.3767988793827012,-0.019297380393136325,0.6442960487586782,-0.5397858787837441,-0.9771470487170073,-0.13197115953471597,0.27066418241511764,-0.521084158109699,-0.11181794313122027,-0.7152203077206165,-0.5886206785207293,-1.2162660975702833,0.9961592872053731,-0.140593964725034,0.05083586902138798,-1.3397636891546154,0.01738520406020294,-0.5984807879147845,-0.9497108367064426,-0.5722756992021236,-1.071750557386742,0.12167050645883222,-2.190294829481994,-1.7495345539470593,-0.30733580300133206,-0.40000781398422425,-0.6771791914524061,-0.40842880524521236,0.024085594240332006,-0.8175345081506245,1.0295632214998163,0.44818570107535805,0.5742163660264445,-0.37487469526974937,-0.44158778008273475,0.1492021230273073,0.13799047948829307,0.3817568689216057,-0.024331079280023423,0.28724249481071146,1.2327744959627924,0.9215299762541338,2.116670794110792,0.46941734611779357,0.21271664052139336,-0.16012815380508655,0.19813088780666294,0.2872424948107138,0.8527238665099764,1.4685423910634878,-0.526874208313167,-0.7968391133587303,-0.056704797712374445,0.2982100259896133
ogre_kingdoms,-0.8639159865947043,-1.4726975008678127,-1.153424202999969,-0.795717664659791,-0.22368426416413492,-0.4774956499528759,1.3736647205576602,0.12468447422711118,-0.03730010049652356,1.4940658195873286,0.5844888472802312,1.201030885225855,1.565735623971885,0.3317821915983399,0.6126056619729884,0.44049517420399836,0.3014920020858375,0.2719858598563018,-0.29432170308486244,-0.04323105852419082,0.045951991938497916,0.14759135151742234,0.8651901829813708,-2.145628872021417,2.697316747102029,1.0224709285854658,1.758037029288588,-0.8173760493086738,0.9827831340404326,0.4673957179269046,0.10012694886642252,-0.021493106196815968,-1.0303843696845076,-0.26899230572572086,-0.8734024928559272,-1.3741551139913635,0.26332831731289036,0.41819973446792436,0.1408216048553801,-0.17234549688643275,-1.0030772088301811,-0.8804519479326482,-0.05273091600519165,-0.1564724487059312,-1.263699902749036,-0.16012815380508655,0.03949524006483009,-0.17234549688642778,1.5319133599352073,1.9513508483994289,1.176242617553051,0.4238505922120905,-0.056704797712374445,0.2982100259896133
skaven,-0.8099038456376947,0.19073782116359073,0.3808127449193651,-0.24716136374984085,0.7181442165269554,0.559077821301607,-1.0954895451393993,-0.07298340244836204,-0.13358525724301423,-1.2574857935493742,-0.4562368055753119,-0.2973145552853809,-1.3776934173052398,-0.6188396668686282,-0.724213935977288,0.07032681142634811,0.3199040097343699,0.6327201037413295,0.9742765336052998,0.8498701891946077,0.866295510605284,-0.2766010041080663,1.3375545752840625,2.2545357507880786,-1.4206750843035107,-0.3527361527886626,-0.03278373937308728,-0.21585283645754774,-1.309008668104517,-0.5380058273898984,-1.5814166869255601,-1.7372256023571027,-0.9758923603702616,-0.872739791125745,-0.5799593455017691,-0.5450989939649241,-0.6529449178508954,-1.4514500242685289,-1.2149859737447963,-0.6319334885835711,0.4874905943651347,0.24578675468409072,-0.30530383728991867,-0.22601575924190098,0.3905981517587932,1.1208970766356101,-0.5992580342362859,-0.6319334885835681,-1.75935615659136,-0.9454998956162181,0.04727233262673239,-0.38994254483512336,-0.7371623702608655,0.2982100259896133
slaanesh,1.5859462837093183,1.2531409752215434,0.7678507052369352,1.5032652807256888,0.7181442165269554,0.9046023117197654,1.464638164074596,2.3717057570492934,1.6753501972187492,-0.9100575578614138,0.2577436327819927,-0.4365878888459598,0.6901225273904156,0.47045021160111006,-0.5664203228638243,-1.538605944075249,-1.5563632303342907,-0.6181694294572015,-1.3937079221629987,-1.7250419940688353,-1.1078815186736095,0.3384779115488916,0.6057054786164936,0.5383811551829994,-0.46718552349056214,-0.4604970703126062,-0.49195294117783983,-1.7388077896199998,-1.4057807023215914,-1.9579805295305068,1.142738776465784,1.1496016408368854,0.9870207061911884,1.1187205922982408,0.39655214657067017,0.37750731503090723,1.1436396412021097,0.710336127984802,0.6219231372339898,-0.6319334885835711,-1.0030772088301811,-0.8804519479326482,1.2128321190646463,0.46941734611779357,0.23050479164513152,-0.16012815380508655,-0.5929211841661426,-0.6319334885835681,1.996391336084075,0.020117019055664546,-0.11346294055718638,-0.7968391133587303,-0.7371623702608655,0.2982100259896133
tomb_kings,-0.9483922924207588,-1.0482796679679343,-0.8264841872412398,-0.8590126224570929,-0.12950141609502627,0.21355333088344397,-0.6212979032782492,-0.1447652330025986,-0.26181722119330236,0.6656650573549431,0.7994267084107117,-0.05937174522946807,-1.3528796259688918,0.6118695812071104,-0.48640365626134047,0.5966739568044958,0.33920810212132774,0.363400769281144,0.16830592064801725,0.7412981892601761,0.7664171783640299,0.47774106226367496,1.0287587567640972,-0.9261985504710896,-0.6354483871634357,-0.5773775512906408,-0.3034634359023803,-0.41645280394469836,0.4177673174564136,-0.1693985133575152,-0.6680701029896866,-0.658442338226215,-0.3478392860705106,-1.3680776529926248,-1.1035613670964808,-0.9174684247729323,-2.19537849050128,-1.90983497799512,-2.007315332362202,-0.6319334885835711,-1.0030772088301811,-0.8804519479326482,1.1189268021767345,-0.1564724487059312,0.42617445400627363,1.1208970766356101,1.3346687713995697,-0.6319334885835681,0.21735305007992167,0.020117019055664546,0.5792772185754133,-0.38994254483512336,0.623752774836117,0.2982100259896133
tzeentch,0.41631199017230774,0.9134980231569806,-0.8150283914221398,0.11153965467881446,0.7181442165269554,-0.8230201403710343,0.16176861173585919,-0.2673478864242007,-0.7165588968204885,0.17872448230841267,0.4392136608644753,-1.3305038923186143,0.5028184250450797,0.4489285435936248,-0.05203127518133854,0.7369074256447907,0.46109084384580773,0.13111007284870216,0.32222951187508614,8.626304847542956e-05,-0.28325024250877556,1.6135933728956124,0.59878989553377,0.39407954081716823,0.9190833598014332,0.8794438511219743,-0.8389294878399481,-0.11490575604465704,1.276172938598142,0.7648528385196877,0.6500696373609632,-0.1698976869072352,0.23180783828321,-0.10706941610044365,1.5719570684287254,-0.5430387532616824,0.2878943288097498,0.3656753025419044,-0.07838163485771439,-0.17234549688643275,0.7073296288311106,1.168759565646897,-0.05287018974177011,0.05215748290197706,0.0704114315314716,-0.16012815380508655,1.0394903901388122,-0.17234549688642778,1.611069679668429,1.9513508483994289,-0.17419973355460705,-0.38994254483512336,-0.7371623702608655,0.2982100259896133
vampire_coast,-1.8314710365284916,-0.8074048863637469,0.40354440259182106,-0.49828640210620867,0.7181442165269554,0.9046023117197654,-2.1327267065665914,-1.5916512354428514,-1.615788632460335,0.23437483374230222,1.5476187094393048,0.5522107028983296,-0.10722730088422928,0.5480382704121841,2.2524540556371115,0.7513290439649887,0.3976862539297086,0.6098991515946137,0.7032421681860367,0.7436870121410218,1.2437400971869899,-0.9408440320628207,-0.8842268288042001,-0.5354406694562972,-2.4661483439242975,-1.9605498209980854,-2.033426934062332,-1.6377054060064753,-0.015624651357965152,-1.027427578797443,-0.9301608618582418,-0.8681104686554679,-1.3353818787194482,-1.1072671053157777,-0.016992999261987215,0.46983662062059506,-1.858847529195741,-0.8912826994708929,1.7083050778661037,-0.17234549688643275,1.2327744959627924,0.47103449520743895,0.8090392564466281,0.469417346117793,0.5862678141199341,-0.16012815380508655,0.4138727288174836,-0.17234549688642778,-1.1042182480945923,0.020117019055664546,-0.34050592377947986,-0.38994254483512336,-0.056704797712374445,0.2982100259896133
vampire_counts,1.4794859123194204e-05,0.645587662568454,0.40354440259182106,0.20401243397515886,0.7181442165269554,0.9046023117197654,-0.6575089013840097,0.040447960386411214,-0.5182070265713674,-0.7159769572357255,-0.1592407760086268,0.39316139750286716,-0.34543969771316896,-0.3184534312982518,-1.0222833514885126,-1.6711674473556715,-4.401962646003237,-4.387500769191239,-1.522092621572123,-3.3527859050770084,-3.184903764528901,-0.8598181989196731,0.29540627246985146,-0.6676536202790313,-0.850824852664713,-0.9181490869421487,-1.8946168332780797,-0.9624056754577293,-1.2464935373935886,-2.066009065807366,-0.9301608618582418,-1.4210713842732927,-0.7604905918604247,-0.33090082385911695,-0.4897415871046939,-0.07475367193611826,-2.19537849050128,-2.848399195480439,-2.7709217302057247,-1.0915214802807125,1.2327744959627924,1.8225209383475256,0.9592877634672862,0.469417346117793,0.7463611742335958,-1.441153384245784,-1.261718280257526,-1.0915214802807092,0.11569371945111283,-1.4283083529521592,1.2538382552246679,-0.38994254483512336,0.623752774836117,0.2982100259896133
warriors_of_chaos,0.9483430212708595,1.2531409752215434,1.4216107807772296,0.2941573804913578,-0.03531856802591637,-0.8230201403710328,1.1015231749745826,1.3833663736719273,1.398379038089123,0.6833664909653131,0.6038258174857414,-0.23798663978072462,0.9449381583000671,0.9612909808172644,0.8032218397607822,-0.9390864704337489,0.2149375912959895,-0.057353554657329164,-0.6552014402407864,0.5513469565182727,-0.08837064816622325,0.6105869577015682,-0.12734632815241953,0.6741335795656432,0.6612562503155882,-0.4091273774383122,-0.03210186519379848,-0.2751862580335625,0.18332318333113248,-0.01015592695136147,1.5014468125819624,1.9081699905049068,1.7626224615764303,0.7161252621420674,1.2631951089319906,1.2215192564586508,1.6156802742833438,1.069119589129286,0.784636564662622,1.206418478204994,1.2327744959627924,1.6110780637557227,0.5349620869120025,1.7211969357652412,1.1910649523270982,1.1208970766356101,0.06263519902494594,1.2064184782049945,0.5670984536194016,0.020117019055664546,-1.1746149243157795,1.2376437292593043,0.623752774836117,0.2982100259896133
wood_elves,0.4082067366770047,1.5525702017616627,0.6329602089167402,2.8796236640250124,1.4716070010798283,0.5590778213016054,0.15874832288495092,-0.2845790969925677,-0.3234871599254647,-1.2667013966180205,-0.2851789922188741,-0.06505207756502215,-0.9857627644029247,-0.8975208111246346,0.1158410783439008,-0.031643575712438234,0.09254889106314933,-0.02828620608218091,-0.5345180107327031,-0.7573298450382935,-0.7547206771637847,-0.818720961436011,-0.07728352018399208,0.42920200921941876,0.068666980821511,-1.034798692896027,-1.05634994043676,-0.22202514314946006,-1.2783708007140697,-0.7556479290053864,-0.47562583948480386,0.26719466246590967,-0.16097254252885806,1.848896812538429,0.6814569396158511,0.4464872259838645,0.28006559987119,0.45810209089160464,0.2627732793854038,0.28724249481071146,-1.0030772088301811,-1.0290942693538463,-0.6231372175259257,-0.1564724487059312,-0.6589027645418727,-0.16012815380508655,0.034680923751175,0.2872424948107138,-0.7601405136586241,0.020117019055664546,0.11677981674306467,0.4238505922120905,1.304210347384608,0.2982100259896133
